alias,stock_code,corp_name,kind,note
삼전,005930,삼성전자,nickname,약칭
하이닉스,000660,SK하이닉스,nickname,약칭
현대차,005380,현대자동차,nickname,약칭 (부분일치하면 현대차증권으로 잘못 간다)
기아차,000270,기아,former,옛 이름
기아자동차,000270,기아,former,옛 이름
네이버,035420,NAVER,nickname,한글 표기
엘지엔솔,373220,LG에너지솔루션,nickname,약칭
삼바,207940,삼성바이오로직스,nickname,약칭
삼성바이오,207940,삼성바이오로직스,nickname,약칭
포스코,005490,POSCO홀딩스,former,옛 이름 (포스코)
포홀,005490,POSCO홀딩스,nickname,약칭
카뱅,323410,카카오뱅크,nickname,약칭
한화에어로,012450,한화에어로스페이스,nickname,약칭
두산에너빌,034020,두산에너빌리티,nickname,약칭
두산중공업,034020,두산에너빌리티,former,옛 이름
에코비엠,247540,에코프로비엠,nickname,약칭
한전,015760,한국전력공사,nickname,약칭
한국전력,015760,한국전력공사,nickname,통칭
아시아나,020560,아시아나항공,nickname,약칭
신한금융,055550,신한지주,nickname,통칭
신한금융지주,055550,신한지주,nickname,통칭
하나금융,086790,하나금융지주,nickname,약칭
우리금융,316140,우리금융지주,nickname,약칭
IBK기업은행,024110,기업은행,nickname,통칭
엔씨,036570,NC,nickname,약칭
엔씨소프트,036570,NC,former,옛 이름
NC소프트,036570,NC,former,옛 이름
YG,122870,와이지엔터테인먼트,nickname,약칭
YG엔터,122870,와이지엔터테인먼트,nickname,약칭
JYP,035900,JYP Ent.,nickname,약칭
JYP엔터,035900,JYP Ent.,nickname,약칭
SM엔터,041510,에스엠,nickname,약칭
에스엠엔터테인먼트,041510,에스엠,nickname,통칭
아모레G,002790,아모레퍼시픽홀딩스,nickname,약칭
한국조선해양,009540,HD한국조선해양,former,옛 이름
현대중공업,329180,HD현대중공업,former,옛 이름 (2019년 분할 뒤 신설 사업회사)
현대일렉트릭,267260,HD현대일렉트릭,former,옛 이름
SKT,017670,SK텔레콤,nickname,약칭
LGU+,032640,LG유플러스,nickname,약칭
유플러스,032640,LG유플러스,nickname,약칭
메리츠,138040,메리츠금융지주,nickname,약칭
메리츠금융,138040,메리츠금융지주,nickname,약칭
키움,039490,키움증권,nickname,약칭
글로비스,086280,현대글로비스,nickname,약칭
KAI,047810,한국항공우주,nickname,약칭
LIG넥스원,079550,LIG디펜스앤에어로스페이스,former,옛 이름
넥스원,079550,LIG디펜스앤에어로스페이스,former,옛 이름 약칭
삼성SDS,018260,삼성에스디에스,nickname,영문 표기
LGCNS,064400,LG씨엔에스,nickname,영문 표기
LS일렉,010120,엘에스일렉트릭,nickname,약칭
포스코인터,047050,포스코인터내셔널,nickname,약칭
한국타이어,161390,한국타이어앤테크놀로지,nickname,약칭
한타,161390,한국타이어앤테크놀로지,nickname,약칭
대우조선해양,042660,한화오션,former,옛 이름
대우조선,042660,한화오션,former,옛 이름 약칭
가스공사,036460,한국가스공사,nickname,약칭
삼성화재,000810,삼성화재해상보험,nickname,약칭
제일제당,097950,CJ제일제당,nickname,약칭
KB금융지주,105560,KB금융,nickname,통칭
APR,278470,에이피알,nickname,영문 표기
현대마린솔루션,443060,HD현대마린솔루션,former,옛 표기
로템,064350,현대로템,nickname,약칭
에코머티,450080,에코프로머티,nickname,약칭
에코프로머티리얼즈,450080,에코프로머티,nickname,통칭
에프앤에프,383220,F&F,nickname,한글 표기
현대해상화재,001450,현대해상,nickname,통칭
하닉,000660,SK하이닉스,nickname,약칭
SK하닉,000660,SK하이닉스,nickname,약칭
현차,005380,현대자동차,nickname,약칭
엔솔,373220,LG에너지솔루션,nickname,LG에너지솔루션 약칭. 엔솔바이오사이언스와 함께 묻는다
엘엔솔,373220,LG에너지솔루션,nickname,약칭
LGES,373220,LG에너지솔루션,nickname,영문 약칭
셀트,068270,셀트리온,nickname,약칭 (통용 우세)
삼디,006400,삼성SDI,nickname,약칭
엘화,051910,LG화학,nickname,약칭
포퓨,003670,포스코퓨처엠,nickname,약칭
LG생건,051900,LG생활건강,nickname,약칭
생건,051900,LG생활건강,nickname,약칭
SK바사,302440,SK바이오사이언스,nickname,약칭
SK이노,096770,SK이노베이션,nickname,약칭
HD현대일렉,267260,HD현대일렉트릭,nickname,약칭
현대일렉,267260,HD현대일렉트릭,nickname,약칭
LG유플,032640,LG유플러스,nickname,약칭
삼천당,000250,삼천당제약,nickname,약칭
한올바이오,009420,한올바이오파마,nickname,약칭
엘디,034220,LG디스플레이,nickname,약칭
LGD,034220,LG디스플레이,nickname,영문 약칭
에이치엘비,028300,HLB,nickname,한글 표기
아모레,090430,아모레퍼시픽,nickname,약칭 (통용 우세)
모비스,012330,현대모비스,nickname,같은 이름의 상장사(모비스)가 있어 둘 다 후보로 보여 준다
KB,105560,KB금융,nickname,약칭
쌍용차,003620,KG모빌리티,former,옛 이름 (쌍용자동차)
쌍용자동차,003620,KG모빌리티,former,옛 이름
포스코케미칼,003670,포스코퓨처엠,former,옛 이름
다음카카오,035720,카카오,former,옛 이름
LG상사,001120,LX인터내셔널,former,옛 이름
LG하우시스,108670,LX하우시스,former,옛 이름
동부하이텍,000990,DB하이텍,former,옛 이름
한화케미칼,009830,한화솔루션,former,옛 이름
삼성엔지니어링,028050,삼성E&A,former,옛 이름
대우인터내셔널,047050,포스코인터내셔널,former,옛 이름
미래에셋대우,006800,미래에셋증권,former,옛 이름
현대중공업지주,267250,HD현대,former,옛 이름
아모레퍼시픽그룹,002790,아모레퍼시픽홀딩스,former,옛 이름
제일모직,028260,삼성물산,former,옛 이름 (2015년 합병 뒤 존속법인이 삼성물산으로 사명 변경)
SK C&C,034730,SK,former,옛 이름 (2015년 합병 뒤 존속법인이 SK로 사명 변경)
셀트리온헬스케어,068270,셀트리온,merged,2023년 셀트리온에 흡수합병
현모,012330,현대모비스,nickname,약칭
카겜,293490,카카오게임즈,nickname,약칭
삼중,010140,삼성중공업,nickname,약칭
현중,329180,HD현대중공업,nickname,약칭
롯케,011170,롯데케미칼,nickname,약칭
KOGAS,036460,한국가스공사,nickname,영문 약칭
KEPCO,015760,한국전력공사,nickname,영문 약칭
삼생,032830,삼성생명,nickname,약칭
삼물,028260,삼성물산,nickname,약칭
삼전기,009150,삼성전기,nickname,약칭
한조양,009540,HD한국조선해양,nickname,약칭
한에어,012450,한화에어로스페이스,nickname,약칭
NH증권,005940,NH투자증권,nickname,약칭
DB손보,005830,DB손해보험,nickname,약칭
금호석화,011780,금호석유화학,nickname,약칭
GC녹십자,006280,녹십자,nickname,시장 표기
NCSOFT,036570,NC,nickname,영문 옛 표기
Korean Air,003490,대한항공,nickname,영문 표기
하이닉스반도체,000660,SK하이닉스,former,옛 이름
현대전자,000660,SK하이닉스,former,옛 이름 (현대전자 → 하이닉스반도체 → SK하이닉스)
LG텔레콤,032640,LG유플러스,former,옛 이름
한국담배인삼공사,033780,케이티앤지,former,옛 이름
한진중공업,097230,HJ중공업,former,옛 이름 (조선·건설 사업회사. 지주사는 한진중공업홀딩스)
티웨이항공,091810,트리니티항공,former,옛 이름
티웨이,091810,트리니티항공,former,티웨이항공(지금 트리니티항공)의 약칭
현대상선,011200,HMM,former,옛 이름
빅히트,352820,하이브,former,옛 이름
빅히트엔터테인먼트,352820,하이브,former,옛 이름
CJ오쇼핑,035760,CJ ENM,former,옛 이름 (2018년 CJ E&M을 합병하며 사명 변경)
삼성테크윈,012450,한화에어로스페이스,former,옛 이름 (삼성테크윈 → 한화테크윈 → 한화에어로스페이스)
한화테크윈,012450,한화에어로스페이스,former,옛 이름 (2015~2018년 지금의 한화에어로스페이스)
GS홈쇼핑,007070,GS리테일,merged,2021년 GS리테일에 흡수합병
HD현대미포,329180,HD현대중공업,merged,2025년 HD현대중공업에 흡수합병
현대미포조선,329180,HD현대중공업,merged,2025년 HD현대중공업에 흡수합병
메리츠화재,138040,메리츠금융지주,merged,2023년 메리츠금융지주의 완전자회사로 편입되며 상장폐지
토스,,,unlisted,"비상장, 운영사 비바리퍼블리카"
비바리퍼블리카,,,unlisted,비상장
쿠팡,,,unlisted,미국 뉴욕증권거래소 상장
무신사,,,unlisted,비상장
컬리,,,unlisted,비상장
마켓컬리,,,unlisted,"비상장, 운영사 컬리"
당근,,,unlisted,비상장
당근마켓,,,unlisted,"비상장, 운영사 당근"
배민,,,unlisted,"비상장, 운영사 우아한형제들"
배달의민족,,,unlisted,"비상장, 운영사 우아한형제들"
우아한형제들,,,unlisted,비상장
카카오엔터테인먼트,035720,카카오,unlisted,"비상장, 카카오 자회사"
카카오엔터,035720,카카오,unlisted,"비상장, 카카오 자회사"
삼성디스플레이,005930,삼성전자,unlisted,"비상장, 삼성전자 자회사"
SK온,096770,SK이노베이션,unlisted,"비상장, SK이노베이션 자회사"
현대오일뱅크,267250,HD현대,unlisted,"비상장, HD현대 자회사"
HD현대오일뱅크,267250,HD현대,unlisted,"비상장, HD현대 자회사"
한국투자증권,071050,한국금융지주,unlisted,"비상장, 한국금융지주 자회사"
한투,071050,한국금융지주,unlisted,"한국투자증권의 약칭, 비상장 증권사, 한국금융지주 자회사"
국민은행,105560,KB금융,unlisted,"비상장, KB금융 자회사"
신한은행,055550,신한지주,unlisted,"비상장, 신한지주 자회사"
하나은행,086790,하나금융지주,unlisted,"비상장, 하나금융지주 자회사"
우리은행,316140,우리금융지주,unlisted,"비상장, 우리금융지주 자회사"
한화테크윈,489790,한화비전,nickname,옛 한화테크윈의 보안 사업을 이어받은 회사 (법인은 2024년 분할 신설)
티웨이,004870,티웨이홀딩스,nickname,티웨이홀딩스의 약칭
현대중공업,009540,HD한국조선해양,former,"옛 이름 (2019년 분할 전 존속법인, 지금 HD한국조선해양)"
엔솔,140610,엔솔바이오사이언스,nickname,엔솔바이오사이언스의 약칭
메리츠증권,138040,메리츠금융지주,merged,2023년 메리츠금융지주의 완전자회사로 편입되며 상장폐지
CJ E&M,035760,CJ ENM,merged,"2018년 CJ오쇼핑에 흡수합병, 지금 CJ ENM"
CJ이앤엠,035760,CJ ENM,merged,"2018년 CJ오쇼핑에 흡수합병, 지금 CJ ENM"
휠라홀딩스,081660,미스토홀딩스,former,옛 이름
휠라,081660,미스토홀딩스,brand,옛 휠라홀딩스
HSD엔진,082740,한화엔진,former,옛 이름
DGB금융지주,139130,iM금융지주,former,옛 이름
DGB금융,139130,iM금융지주,former,옛 이름 약칭
일진머티리얼즈,020150,롯데에너지머티리얼즈,former,옛 이름
이베스트투자증권,078020,LS증권,former,옛 이름
STX중공업,071970,HD현대마린엔진,former,옛 이름
한화인더스트리얼솔루션즈,489790,한화비전,former,옛 이름
현대건설기계,267270,HD건설기계,former,옛 이름
HD현대건설기계,267270,HD건설기계,former,옛 이름
HD현대인프라코어,267270,HD건설기계,merged,"2026년 HD건설기계에 흡수합병, HD건설기계는 옛 HD현대건설기계"
두산인프라코어,267270,HD건설기계,merged,HD현대인프라코어로 이름을 바꾼 뒤 2026년 HD건설기계에 흡수합병
롯데제과,280360,롯데웰푸드,former,옛 이름 (2017년 분할 신설된 롯데제과)
보령제약,003850,보령,former,옛 이름
레고켐바이오,141080,리가켐바이오,former,옛 이름
레고켐,141080,리가켐바이오,former,옛 이름 약칭
만도,204320,HL만도,former,옛 이름 (2014년 분할 신설된 만도)
동부제철,016380,KG스틸,former,옛 이름
씨윈,112610,씨에스윈드,nickname,약칭
현백,069960,현대백화점,nickname,약칭
스드,253450,스튜디오드래곤,nickname,약칭
한난,071320,지역난방공사,nickname,약칭
한국지역난방공사,071320,지역난방공사,nickname,통칭
ABL바이오,298380,에이비엘바이오,nickname,영문 표기
한콜,161890,한국콜마,nickname,약칭
카카오M,035720,카카오,merged,2018년 카카오에 흡수합병
카카오엠,035720,카카오,merged,2018년 카카오에 흡수합병
Coupang,,,unlisted,미국 뉴욕증권거래소 상장
롯데푸드,280360,롯데웰푸드,merged,"2022년 롯데제과에 흡수합병, 롯데제과는 지금 롯데웰푸드"
롯데제과,004990,롯데지주,former,"옛 이름 (2017년 분할 전 존속법인, 지금 롯데지주)"
만도,060980,HL홀딩스,former,"옛 이름 (2014년 분할 전 존속법인, 지금 HL홀딩스)"
DGB,139130,iM금융지주,former,옛 영문 약칭
대구은행,139130,iM금융지주,unlisted,"비상장, iM금융지주 자회사, 지금 이름 iM뱅크"
iM뱅크,139130,iM금융지주,unlisted,"비상장, iM금융지주 자회사"
두산엔진,082740,한화엔진,former,옛 이름 (두산엔진 → HSD엔진 → 한화엔진)
아프리카TV,067160,SOOP,former,옛 이름
아프리카티비,067160,SOOP,former,옛 이름
AfreecaTV,067160,SOOP,former,옛 영문 이름
롯데정보통신,286940,롯데이노베이트,former,옛 이름
안철수연구소,053800,안랩,former,옛 이름
신라호텔,008770,호텔신라,nickname,통칭
Green Cross,006280,녹십자,nickname,옛 영문 이름
HDC현산,294870,IPARK현대산업개발,nickname,약칭
HDC현대산업개발,294870,IPARK현대산업개발,former,옛 이름
현대산업개발,294870,IPARK현대산업개발,former,옛 이름 (2018년 분할 신설된 사업회사)
현대산업개발,012630,HDC,former,"옛 이름 (2018년 분할 전 존속법인, 지금 HDC)"
현산,294870,IPARK현대산업개발,nickname,약칭
코오롱인더스트리,120110,코오롱인더,nickname,정식 상호
S오일,010950,S-Oil,nickname,표기 변형
K뱅크,279570,케이뱅크,nickname,표기 변형
Ottogi,007310,오뚜기,nickname,영문 표기 변형
JYP엔터테인먼트,035900,JYP Ent.,nickname,정식 상호
삼성바이오에피스,0126Z0,삼성에피스홀딩스,unlisted,"비상장, 삼성에피스홀딩스 자회사"
삼성전자서비스,005930,삼성전자,unlisted,"비상장, 삼성전자 자회사"
카카오페이증권,377300,카카오페이,unlisted,"비상장, 카카오페이 자회사"
현대차그룹,005380,현대자동차,group,그룹 상장 계열사
현대차그룹,000270,기아,group,그룹 상장 계열사
현대차그룹,012330,현대모비스,group,그룹 상장 계열사
현대차그룹,086280,현대글로비스,group,그룹 상장 계열사
현대차그룹,000720,현대건설,group,그룹 상장 계열사
현대차그룹,004020,현대제철,group,그룹 상장 계열사
현대차그룹,064350,현대로템,group,그룹 상장 계열사
현대차그룹,011210,현대위아,group,그룹 상장 계열사
현대차그룹,307950,현대오토에버,group,그룹 상장 계열사
현대자동차그룹,005380,현대자동차,group,그룹 상장 계열사
현대자동차그룹,000270,기아,group,그룹 상장 계열사
현대자동차그룹,012330,현대모비스,group,그룹 상장 계열사
현대자동차그룹,086280,현대글로비스,group,그룹 상장 계열사
현대자동차그룹,000720,현대건설,group,그룹 상장 계열사
현대자동차그룹,004020,현대제철,group,그룹 상장 계열사
현대자동차그룹,064350,현대로템,group,그룹 상장 계열사
현대자동차그룹,011210,현대위아,group,그룹 상장 계열사
현대자동차그룹,307950,현대오토에버,group,그룹 상장 계열사
한진그룹,180640,한진칼,group,그룹 상장 계열사
한진그룹,003490,대한항공,group,그룹 상장 계열사
한진그룹,002320,한진,group,그룹 상장 계열사
한진그룹,272450,진에어,group,그룹 상장 계열사
한진그룹,020560,아시아나항공,group,그룹 상장 계열사
한진그룹,298690,에어부산,group,그룹 상장 계열사
한진그룹,005430,한국공항,group,그룹 상장 계열사
아프리카,067160,SOOP,former,옛 이름 약칭
케뱅,279570,케이뱅크,nickname,약칭
현로,064350,현대로템,nickname,약칭
YG플러스,037270,YG PLUS,nickname,표기 변형
효성TNC,298020,효성티앤씨,nickname,영문 표기
Hyundai Oilbank,267250,HD현대,unlisted,"비상장, HD현대 자회사"
Doosan Infracore,267270,HD건설기계,merged,"2026년 HD건설기계에 흡수합병, 옛 두산인프라코어"
